Region,SNP,OldID,chromN,chrom,chromStart,chromEnd
10q11,rs10993994,,10,chr10,51549495,51549496
10q11,rs76934034,,10,chr10,46082984,46082985
10q24,rs3850699,,10,chr10,104414220,104414221
10q24,rs34032774,,10,chr10,104415093,104415094
10q26,rs2252004,,10,chr10,122844708,122844709
10q26,rs67609008,,10,chr10,126640935,126640936
10q26,rs4962416,,10,chr10,126696871,126696872
11p15,rs7127900,,11,chr11,2233573,2233574
11p15,rs11043143,,11,chr11,2234092,2234093
11q12,rs1938781,,11,chr11,58915109,58915110
11q13,rs7931342,,11,chr11,68994496,68994497
11q13,rs12275055,,11,chr11,68981358,68981359
11q13,rs10792032,,11,chr11,68984601,68984602
11q13,rs36225067,,11,chr11,69453984,69453985
11q13,rs10896438,,11,chr11,68906569,68906570
11q13,rs12793759,,11,chr11,68974554,68974555
11q22,rs11568818,,11,chr11,102401660,102401661
11q23,rs11214775,,11,chr11,113807180,113807181
12q13,rs10875943,,12,chr12,49676009,49676010
12q13,rs902774,,12,chr12,53273903,53273904
12q13,rs80130819,,12,chr12,48419617,48419618
12q13,rs73110471,,12,chr12,53316820,53316821
12q24,rs1270884,,12,chr12,114685570,114685571
12q24,rs61933115,,12,chr12,115084058,115084059
13q22,rs9600079,,13,chr13,73728138,73728139
14q22,rs8008270,,14,chr14,53372329,53372330
14q22,rs62003539,,14,chr14,53389698,53389699
14q23,rs7153648,,14,chr14,61122525,61122526
14q24,rs7141529,,14,chr14,69126743,69126744
14q24,rs8014671,,14,chr14,71092255,71092256
14q24,rs2189517,,14,chr14,69002987,69002988
14q24,rs17105852,,14,chr14,69030651,69030652
16q22,rs12051443,,16,chr16,71691328,71691329
17p13,rs684232,,17,chr17,618964,618965
17p13,rs461251,,17,chr17,619161,619162
17q12,rs11649743,,17,chr17,36074978,36074979
17q12,rs4430796,,17,chr17,36098039,36098040
17q12,rs2229295,,17,chr17,36047275,36047276
17q12,rs718961,,17,chr17,36077098,36077099
17q12,rs11263763,,17,chr17,36103564,36103565
17q21,rs7210100,,17,chr17,47436748,47436749
17q21,rs138213197,,17,chr17,46805704,46805705
17q21,rs11650494,,17,chr17,47345185,47345186
17q21,rs138263737,,17,chr17,46915734,46915735
17q21,rs11655191,,17,chr17,47452262,47452263
17q24,rs1859962,,17,chr17,69108752,69108753
17q24,rs8072735,,17,chr17,69117213,69117214
18q23,rs7241993,,18,chr18,76773972,76773973
18q23,rs9959454,,18,chr18,76770819,76770820
19q13,rs2735839,,19,chr19,51364622,51364623
19q13,rs11672691,,19,chr19,41985586,41985587
19q13,rs8102476,,19,chr19,38735612,38735613
19q13,rs103294,,19,chr19,54797847,54797848
19q13,rs12610267,,19,chr19,38744732,38744733
19q13,rs11673591,rs74738513,19,chr19,41985930,41985931
19q13,rs17632542,,19,chr19,51361756,51361757
1p35,rs636291,,1,chr1,10556096,10556097
1q21,rs1218582,,1,chr1,154834182,154834183
1q21,rs17599629,,1,chr1,150658286,150658287
1q21,rs4845695,,1,chr1,154911797,154911798
1q32,rs4245739,,1,chr1,204518841,204518842
1q32,rs1775148,,1,chr1,205757823,205757824
1q32,rs199774366,,1,chr1,204491549,204491549
20q13,rs2427345,,20,chr20,61015610,61015611
20q13,rs6062509,,20,chr20,62362562,62362563
20q13,rs12480328,,20,chr20,49527921,49527922
20q13,rs1058319,,20,chr20,62374388,62374389
21q22,rs1041449,,21,chr21,42901420,42901421
22q11,rs2238776,,22,chr22,19757891,19757892
22q13,rs5759167,,22,chr22,43500211,43500212
22q13,rs9623117,,22,chr22,40452118,40452119
22q13,rs11704314,,22,chr22,40797932,40797933
22q13,rs5751435,,22,chr22,43513155,43513156
2p11,rs10187424,,2,chr2,85794296,85794297
2p11,rs2028900,,2,chr2,85767734,85767735
2p15,rs721048,,2,chr2,63131730,63131731
2p15,rs901532,,2,chr2,62763346,62763347
2p15,rs58235267,,2,chr2,63277842,63277843
2p21,rs1465618,,2,chr2,43553948,43553949
2p21,rs7591218,,2,chr2,43637997,43637998
2p24,rs13385191,,2,chr2,20888264,20888265
2p24,rs9306895,,2,chr2,20878152,20878153
2p25,rs11902236,,2,chr2,10117867,10117868
2p25,rs9287719,,2,chr2,10710729,10710730
2q31,rs12621278,,2,chr2,173311552,173311553
2q31,rs13410475,,2,chr2,173309617,173309618
2q31,rs12151618,,2,chr2,173415559,173415560
2q37,rs7584330,,2,chr2,238387227,238387228
2q37,rs3771570,,2,chr2,242382863,242382864
2q37,rs11891348,,2,chr2,238440448,238440449
2q37,rs2292884,,2,chr2,238443225,238443226
2q37,rs111770284,,2,chr2,242157086,242157087
2q37,rs183997311,,2,chr2,242420970,242420971
3p12,rs2660753,,3,chr3,87110673,87110674
3p12,rs2055109,,3,chr3,87467331,87467332
3p12,rs143351723,,3,chr3,87142063,87142064
3p12,rs2088396,,3,chr3,87192777,87192778
3p12,rs114278123,,3,chr3,87372755,87372756
3q13,rs7611694,,3,chr3,113275623,113275624
3q13,rs6769767,,3,chr3,113282325,113282326
3q21,rs10934853,,3,chr3,128038372,128038373
3q21,rs2811485,,3,chr3,127919045,127919046
3q21,rs56325233,,3,chr3,128252312,128252313
3q23,rs6763931,,3,chr3,141102832,141102833
3q26,rs10936632,,3,chr3,170130101,170130102
3q26,rs78416326,,3,chr3,170074516,170074517
3q26,rs11288195,,3,chr3,170092053,170092054
4q13,rs1894292,,4,chr4,74349157,74349158
4q13,rs10009409,,4,chr4,73855252,73855253
4q22,rs12500426,,4,chr4,95514608,95514609
4q22,rs17021918,,4,chr4,95562876,95562877
4q22,rs7682375,,4,chr4,95505591,95505592
4q22,rs6853490,,4,chr4,95544717,95544718
4q24,rs7679673,,4,chr4,106061533,106061534
4q24,rs34480284,,4,chr4,106064626,106064626
5p12,rs2121875,,5,chr5,44365544,44365545
5p12,rs1482679,,5,chr5,44385414,44385415
5p15,rs2853676,,5,chr5,1288546,1288547
5p15,rs2736107,,5,chr5,1297853,1297854
5p15,rs13190087,,5,chr5,1298732,1298733
5p15,rs12653946,,5,chr5,1895828,1895829
5p15,rs10866527,,5,chr5,1891799,1891800
5p15,rs2242652,,5,chr5,1280027,1280028
5p15,rs7725218,,5,chr5,1282413,1282414
5q35,rs6869841,,5,chr5,172939425,172939426
6p21,rs1983891,,6,chr6,41536426,41536427
6p21,rs130067,,6,chr6,31118510,31118511
6p21,rs3096702,,6,chr6,32192330,32192331
6p21,rs2273669,,6,chr6,109285188,109285189
6p21,rs3129859,rs115306967,6,chr6,32400938,32400939
6p21,rs2596546,,6,chr6,31329385,31329386
6p21,rs6458228,,6,chr6,41543792,41543793
6p21,rs12209480,,6,chr6,109279210,109279211
6p22,rs7767188,,6,chr6,30073775,30073776
6p24,rs4713266,,6,chr6,11219029,11219030
6p25,rs9364554,,6,chr6,160833663,160833664
6p25,rs4646284,,6,chr6,160581543,160581543
6p25,rs2063347,,6,chr6,160882028,160882029
6q14,rs9443189,,6,chr6,76495881,76495882
6q21,rs1933488,,6,chr6,153441078,153441079
6q21,rs3968480,,6,chr6,153432565,153432566
6q22,rs339331,,6,chr6,117210051,117210052
6q22,rs200820108,,6,chr6,117166035,117166037
7p12,rs56232506,,7,chr7,47437243,47437244
7p15,rs10486567,,7,chr7,27976562,27976563
7p15,rs12155172,,7,chr7,20994490,20994491
7p15,rs10713532,,7,chr7,20996952,20996953
7p15,rs200362064,,7,chr7,27591214,27591218
7q21,rs6965016,,7,chr7,97807881,97807882
7q21,rs6465657,,7,chr7,97816326,97816327
8p21,rs11135910,,8,chr8,25892141,25892142
8p21,rs6984769,,8,chr8,25910155,25910156
8p21,rs2928679,,8,chr8,23438974,23438975
8p21,rs1512268,,8,chr8,23526462,23526463
8p21,rs200262583,,8,chr8,23473359,23473359
8p21,rs13272392,,8,chr8,23528510,23528511
8q24,rs10086908,,8,chr8,128011936,128011937
8q24,rs620861,,8,chr8,128335672,128335673
8q24,rs12543663,,8,chr8,127924658,127924659
8q24,rs6983267,,8,chr8,128413304,128413305
8q24,rs1447295,,8,chr8,128485037,128485038
8q24,rs16901979,,8,chr8,128124915,128124916
8q24,rs1016343,,8,chr8,128093296,128093297
8q24,rs13252298,,8,chr8,128095155,128095156
8q24,rs6983561,,8,chr8,128106879,128106880
8q24,rs10090154,,8,chr8,128532136,128532137
9p21,rs17694493,,9,chr9,22041997,22041998
9q31,rs817826,,9,chr9,110156299,110156300
9q31,rs1771718,,9,chr9,110151378,110151379
9q33,rs1571801,,9,chr9,124427372,124427373
Xp11,rs5945619,,23,chrX,51241671,51241672
Xp11,rs2807031,,23,chrX,52896948,52896949
Xp11,rs1541241,,23,chrX,51287788,51287789
Xp22,rs2405942,,23,chrX,9814134,9814135
Xp22,rs2405943,,23,chrX,9814283,9814284
Xq12,rs5919432,,23,chrX,67021549,67021550
Xq12,rs4446868,,23,chrX,66881582,66881583
Xq13,rs6625711,,23,chrX,70139849,70139850
Xq13,rs4844289,,23,chrX,70407982,70407983
