Region	MarkerName	name_in_data	rsid	CHR	BP	geneName	org.Hs.eg.db_geneName	EntrezID	geneStart	geneEnd
chr1_87711000_88712000	1_88210715_AT_A	rs56391074:88210715:AT:A	rs56391074	1	88210715					
chr2_8097000_9098000	2_8597123_C_T	rs62106670:8597123:C:T	rs62106670	2	8597123					
chr2_66153000_67154000	2_66652885_C_T	rs74702681:66652885:C:T	rs74702681	2	66652885					
chr2_111393000_112394000	2_111893096_T_G	chr2_111893096_G_T	rs11691517	2	111893096					
chr2_201623000_202624000	2_202123479_TATTCTGTC_T	rs59308963:202123479:TATTCTGTC:T	rs59308963	2	202123479					
chr3_106463000_107464000	3_106962521_C_G	rs1283104:106962521:C:G	rs1283104	3	106962521					
chr3_151504000_152505000	3_152004202_T_C	rs182314334:152004202:T:C	rs182314334	3	152004202	SUCNR1	SUCNR1	56670	151591431	151599876
chr3_151504000_152505000	3_152004202_T_C	rs182314334:152004202:T:C	rs182314334	3	152004202	SUCNR1	SUCNR1	56670	151591431	151599876
chr3_151504000_152505000	3_152004202_T_C	rs182314334:152004202:T:C	rs182314334	3	152004202	SUCNR1	SUCNR1	56670	151591431	151599876
chr3_151504000_152505000	3_152004202_T_C	rs182314334:152004202:T:C	rs182314334	3	152004202	LOC401093	MBNL1-AS1	401093	151980405	151987415
chr3_151504000_152505000	3_152004202_T_C	rs182314334:152004202:T:C	rs182314334	3	152004202	LOC401093	MBNL1-AS1	401093	151980405	151987415
chr3_151504000_152505000	3_152004202_T_C	rs182314334:152004202:T:C	rs182314334	3	152004202	LOC401093	MBNL1-AS1	401093	151980405	151987415
chr3_151504000_152505000	3_152004202_T_C	rs182314334:152004202:T:C	rs182314334	3	152004202	MBNL1	MBNL1	4154	151985829	152183569
chr3_151504000_152505000	3_152004202_T_C	rs182314334:152004202:T:C	rs182314334	3	152004202	MBNL1	MBNL1	4154	151985829	152183569
chr3_151504000_152505000	3_152004202_T_C	rs182314334:152004202:T:C	rs182314334	3	152004202	MBNL1	MBNL1	4154	151985829	152183569
chr5_133336000_134337000	5_133836209_C_T	rs10793821:133836209:C:T	rs10793821	5	133836209					
chr5_168672000_169673000	5_169172133_A_G	chr5_169172133_A_G	rs76551843	5	169172133					
chr5_177469000_178470000	5_177968915_G_T	chr5_177968915_G_T	rs4976790	5	177968915	COL23A1	COL23A1	91522	177664617	178017556
chr6_34293000_35294000	6_34793124_G_A	rs9469899:34793124:G:A	rs9469899	6	34793124	UHRF1BP1	UHRF1BP1	54887	34759794	34853118
chr6_43195000_44196000	6_43694598_T_C	rs4711748:43694598:T:C	rs4711748	6	43694598					
chr7_1445000_2446000	7_1944537_G_C	7:1944537:G:C	rs527510716	7	1944537					
chr7_40375000_41376000	7_40875192_A_C	chr7_40875192_A_C	rs17621345	7	40875192					
chr9_18556000_19557000	9_19055965_T_C	rs1048169:19055965:T:C	rs1048169	9	19055965	HAUS6	HAUS6	54801	19053135	19102940
chr9_33550000_34551000	9_34049779_T_A	rs10122495:34049779:T:A	rs10122495	9	34049779	UBE2R2	UBE2R2	54926	33817182	33920401
chr9_33550000_34551000	9_34049779_T_A	rs10122495:34049779:T:A	rs10122495	9	34049779	UBE2R2	UBE2R2	54926	33817182	33920401
chr9_33550000_34551000	9_34049779_T_A	rs10122495:34049779:T:A	rs10122495	9	34049779	NUDT2	NUDT2	318	34329504	34343711
chr9_33550000_34551000	9_34049779_T_A	rs10122495:34049779:T:A	rs10122495	9	34049779	NUDT2	NUDT2	318	34329504	34343711
chr9_132076000_133077000	9_132576060_C_A	rs1182:132576060:C:A	rs1182	9	132576060	C9orf78	C9orf78	51759	132589564	132597572
chr9_132076000_133077000	9_132576060_C_A	rs1182:132576060:C:A	rs1182	9	132576060	C9orf78	C9orf78	51759	132589564	132597572
chr9_132076000_133077000	9_132576060_C_A	rs1182:132576060:C:A	rs1182	9	132576060	C9orf78	C9orf78	51759	132589564	132597572
chr9_132076000_133077000	9_132576060_C_A	rs1182:132576060:C:A	rs1182	9	132576060	TOR1B	TOR1B	27348	132565432	132573560
chr9_132076000_133077000	9_132576060_C_A	rs1182:132576060:C:A	rs1182	9	132576060	TOR1B	TOR1B	27348	132565432	132573560
chr9_132076000_133077000	9_132576060_C_A	rs1182:132576060:C:A	rs1182	9	132576060	TOR1B	TOR1B	27348	132565432	132573560
chr9_132076000_133077000	9_132576060_C_A	rs1182:132576060:C:A	rs1182	9	132576060	TOR1A	TOR1A	1861	132575221	132586441
chr9_132076000_133077000	9_132576060_C_A	rs1182:132576060:C:A	rs1182	9	132576060	TOR1A	TOR1A	1861	132575221	132586441
chr9_132076000_133077000	9_132576060_C_A	rs1182:132576060:C:A	rs1182	9	132576060	TOR1A	TOR1A	1861	132575221	132586441
chr10_355000_1356000	10_854691_G_GCGCA	rs141536087:854691:G:GCGCA	rs141536087	10	854691					
chr10_47046000_48047000	10_47546323_T_C	rs6602880:47546323:T:C	rs6602880	10	47546323					
chr10_89695000_90696000	10_90195149_C_T	rs1935581:90195149:C:T	rs1935581	10	90195149					
chr10_114212000_115213000	10_114712154_C_G	rs7094871:114712154:C:G	rs7094871	10	114712154					
chr11_7048000_8049000	11_7547587_G_A	chr11_7547587_A_G	rs61890184	11	7547587	PPFIBP2	PPFIBP2	8495	7534996	7678358
chr11_7048000_8049000	11_7547587_G_A	chr11_7547587_A_G	rs61890184	11	7547587	PPFIBP2	PPFIBP2	8495	7534996	7678358
chr11_7048000_8049000	11_7547587_G_A	chr11_7547587_A_G	rs61890184	11	7547587	OLFML1	OLFML1	283298	7506600	7532606
chr11_7048000_8049000	11_7547587_G_A	chr11_7547587_A_G	rs61890184	11	7547587	OLFML1	OLFML1	283298	7506600	7532606
chr11_46922000_47923000	11_47421962_CGG_C	rs59111863:47421962:CGG:C	rs547171081	11	47421962					
chr11_61408000_62409000	11_61908440_T_C	rs2277283:61908440:T:C	rs2277283	11	61908440					
chr11_66452000_67453000	11_66951965_G_C	rs12785905:66951965:G:C	rs12785905	11	66951965	C11orf80	C11orf80	79703	66512207	66610987
chr11_66452000_67453000	11_66951965_G_C	rs12785905:66951965:G:C	rs12785905	11	66951965	C11orf80	C11orf80	79703	66512207	66610987
chr11_66452000_67453000	11_66951965_G_C	rs12785905:66951965:G:C	rs12785905	11	66951965	C11orf80	C11orf80	79703	66512207	66610987
chr11_66452000_67453000	11_66951965_G_C	rs12785905:66951965:G:C	rs12785905	11	66951965	PTPRCAP	PTPRCAP	5790	67202981	67205153
chr11_66452000_67453000	11_66951965_G_C	rs12785905:66951965:G:C	rs12785905	11	66951965	PTPRCAP	PTPRCAP	5790	67202981	67205153
chr11_66452000_67453000	11_66951965_G_C	rs12785905:66951965:G:C	rs12785905	11	66951965	PTPRCAP	PTPRCAP	5790	67202981	67205153
chr11_66452000_67453000	11_66951965_G_C	rs12785905:66951965:G:C	rs12785905	11	66951965	RAD9A	RAD9A	5883	67159423	67165883
chr11_66452000_67453000	11_66951965_G_C	rs12785905:66951965:G:C	rs12785905	11	66951965	RAD9A	RAD9A	5883	67159423	67165883
chr11_66452000_67453000	11_66951965_G_C	rs12785905:66951965:G:C	rs12785905	11	66951965	RAD9A	RAD9A	5883	67159423	67165883
chr11_75761000_76762000	11_76260543_AC_A	rs11290954:76260543:AC:A	rs11290954	11	76260543					
chr11_107643000_108644000	11_108143456_C_G	rs1800057:108143456:C:G	rs1800057	11	108143456					
chr11_124555000_125556000	11_125054793_C_T	rs138466039:125054793:C:T	rs138466039	11	125054793					
chr11_133766000_134767000	11_134266372_A_G	rs878987:134266372:A:G	rs878987	11	134266372	B3GAT1	B3GAT1	27087	134248398	134281812
chr12_12371000_13372000	12_12871099_T_G	chr12_12871099_G_T	rs2066827	12	12871099					
chr12_13917000_14918000	12_14416918_A_G	rs10845938	rs10845938	12	14416918					
chr12_64513000_65514000	12_65012824_T_C	12:65012824:T:C	rs7968403	12	65012824	WIF1	WIF1	11197	65444404	65515346
chr12_89661000_90662000	12_90160530_G_GA	12:90160530:G:GA	rs5799921	12	90160530	ATP2B1	ATP2B1	490	89981826	90049844
chr12_132568000_133569000	12_133067989_G_A	12:133067989:G:A	rs7295014	12	133067989	P2RX2	P2RX2	22953	133195403	133198972
chr14_22806000_23807000	14_23305649_T_C	rs1004030:23305649:T:C	rs1004030	14	23305649					
chr14_36638000_37639000	14_37138294_G_C	rs11629412:37138294:G:C	rs11629412	14	37138294	PAX9	PAX9	5083	37126773	37147011
chr15_40423000_41424000	15_40922915_G_C	rs4924487:40922915:G:C	rs4924487	15	40922915					
chr15_55886000_56887000	15_56385868_A_G	exm1164252	rs33984059	15	56385868					
chr15_66265000_67266000	15_66764641_CA_C	rs112293876:66764641:CA:C	rs112293876	15	66764641					
chr16_57155000_58156000	16_57654576_C_T	rs11863709:57654576:C:T	rs11863709	16	57654576					
chr16_81679000_82680000	16_82178893_TAA_TA	rs199737822:82178893:TAA:TA	rs199737822	16	82178893					
chr17_7303000_8304000	17_7803118_T_C	chr17_7803118_C_T	rs28441558	17	7803118	LOC284023	LOC284023	284023	7816640	7819265
chr17_7303000_8304000	17_7803118_T_C	chr17_7803118_C_T	rs28441558	17	7803118	LOC284023	LOC284023	284023	7816640	7819265
chr17_7303000_8304000	17_7803118_T_C	chr17_7803118_C_T	rs28441558	17	7803118	LOC284023	LOC284023	284023	7816640	7819265
chr17_7303000_8304000	17_7803118_T_C	chr17_7803118_C_T	rs28441558	17	7803118	ALOX15B	ALOX15B	247	7942358	7952451
chr17_7303000_8304000	17_7803118_T_C	chr17_7803118_C_T	rs28441558	17	7803118	ALOX15B	ALOX15B	247	7942358	7952451
chr17_7303000_8304000	17_7803118_T_C	chr17_7803118_C_T	rs28441558	17	7803118	ALOX15B	ALOX15B	247	7942358	7952451
chr17_7303000_8304000	17_7803118_T_C	chr17_7803118_C_T	rs28441558	17	7803118	GUCY2D	GUCY2D	3000	7905988	7923658
chr17_7303000_8304000	17_7803118_T_C	chr17_7803118_C_T	rs28441558	17	7803118	GUCY2D	GUCY2D	3000	7905988	7923658
chr17_7303000_8304000	17_7803118_T_C	chr17_7803118_C_T	rs28441558	17	7803118	GUCY2D	GUCY2D	3000	7905988	7923658
chr17_29599000_30600000	17_30098749_C_T	rs142444269:30098749:C:T	rs142444269	17	30098749					
chr17_55956000_56957000	17_56456120_G_A	chr17_56456120_A_G	rs2680708	17	56456120					
chr18_51272000_52273000	18_51772473_G_C	rs8093601:51772473:G:C	rs8093601	18	51772473	POLI	POLI	11201	51795849	51824604
chr18_52731000_53732000	18_53230859_T_C	chr18_53230859_C_T	rs28607662	18	53230859					
chr18_56246000_57247000	18_56746315_G_T	rs12956892:56746315:G:T	rs12956892	18	56746315					
chr18_60461000_61462000	18_60961193_C_CT	rs11381388:60961193:C:CT	rs11381388	18	60961193					
chr18_72536000_73537000	18_73036165_T_C	rs10460109:73036165:T:C	rs10460109	18	73036165	TSHZ1	TSHZ1	10194	72922710	73001905
chr19_16714000_17715000	19_17214073_C_T	rs11666569:17214073:C:T	rs11666569	19	17214073	HAUS8	HAUS8	93323	17160571	17186343
chr19_16714000_17715000	19_17214073_C_T	rs11666569:17214073:C:T	rs11666569	19	17214073	HAUS8	HAUS8	93323	17160571	17186343
chr19_16714000_17715000	19_17214073_C_T	rs11666569:17214073:C:T	rs11666569	19	17214073	MYO9B	MYO9B	4650	17186591	17324104
chr19_16714000_17715000	19_17214073_C_T	rs11666569:17214073:C:T	rs11666569	19	17214073	MYO9B	MYO9B	4650	17186591	17324104
chr19_31668000_32669000	19_32167803_G_C	rs118005503:32167803:G:C	rs118005503	19	32167803					
chr20_30848000_31849000	20_31347512_C_CA	rs11480453:31347512:C:CA	rs11480453	20	31347512	COMMD7	COMMD7	149951	31290493	31331814
chr20_30848000_31849000	20_31347512_C_CA	rs11480453:31347512:C:CA	rs11480453	20	31347512	COMMD7	COMMD7	149951	31290493	31331814
chr20_30848000_31849000	20_31347512_C_CA	rs11480453:31347512:C:CA	rs11480453	20	31347512	MAPRE1	MAPRE1	22919	31407699	31438211
chr20_30848000_31849000	20_31347512_C_CA	rs11480453:31347512:C:CA	rs11480453	20	31347512	MAPRE1	MAPRE1	22919	31407699	31438211
chr20_51955000_52956000	20_52455205_G_A	rs6091758:52455205:G:A	rs6091758	20	52455205					
chr22_28389000_29390000	22_28888939_G_A	rs9625483	rs9625483	22	28888939					
chr23_10983000_11984000	23_11482634_C_T	rs17321482:11482634:C:T	rs17321482	23	11482634					
chr1_153400000_154401000	1_153899900_CT_C	rs34579442:153899900:CT:C	rs34579442	1	153899900					
chr2_173735000_174736000	2_174234547_T_C	rs34925593:174234547:T:C	rs34925593	2	174234547					
chr3_168593000_169594000	3_169093100_A_G	rs142436749:169093100:A:G	rs142436749	3	169093100					
chr6_30101000_31102000	6_30601232_A_G	rs12665339:30601232:A:G	rs12665339	6	30601232					
chr6_32489000_33490000	6_32988695_T_G	rs9296068	rs9296068	6	32988695					
chr7_19914000_20915000	7_20414110_T_TA	rs11452686:20414110:T:TA	rs11452686	7	20414110					
chr10_45057000_46058000	10_45556927_A_AT	10:45556927:A:AT	rs556800880	10	45556927					
chr11_1008000_2009000	11_1507512_T_C	rs1881502:1507512:T:C	rs1881502	11	1507512					
chr19_42201000_43202000	19_42700947_T_C	chr19_42700947_C_T	rs61088131	19	42700947					
chr23_50141000_51142000	23_50641048_A_G	rs144166867:50641048:A:G	rs144166867	23	50641048					
